fromZone,toZone,coldOrWarm,essentialBytes,optionalBytes,elevatorAnimationMs,extraWaitMs,totalTransitionMs,transitionStart,essentialReady,zoneBuilt,transitionEnd
BOOT,first_campus_3f,cold,24586530,0,0,0,3422,,,,
first_campus_3f,first_campus_4f,cold,250612,77516,1700,6.600000023841858,5017.600000023842,5727.5,7434.100000023842,7545.100000023842,10745.100000023842
BOOT,first_campus_3f,warm,8100,0,0,0,3877,,,,
first_campus_3f,first_campus_4f,warm,300,900,1700,1.9000000953674316,2362.2000000476837,4121,5822.900000095367,5917,6483.200000047684
first_campus_4f,first_campus_2f,cold,25304798,56336,1700,5.799999952316284,4618.299999952316,3417,5122.799999952316,5288.100000023842,8035.299999952316
first_campus_4f,first_campus_2f,warm,16437936,600,1700,3.600000023841858,2854.100000023842,2918.100000023842,4621.700000047684,4778.399999976158,5772.200000047684
first_campus_2f,first_campus_3f,cold,0,0,1700,503.10000002384186,3096.2999999523163,5322.700000047684,7525.800000071526,7620,8419
first_campus_2f,first_campus_3f,warm,0,0,1700,1.6999999284744263,2206.1999999284744,3627.100000023842,5328.799999952316,5420.100000023842,5833.299999952316
first_campus_3f,first_campus_1f,cold,25054186,27176,1700,812.6999999284744,4279.399999976158,2058.4000000953674,4571.100000023842,4677.200000047684,6337.800000071526
first_campus_3f,first_campus_1f,warm,16437636,300,1700,0.3999999761581421,2244,1913.2000000476837,3613.600000023842,3702.7999999523163,4157.200000047684
second_campus_5f,second_campus_2f,cold,250612,0,1700,5.5,4363.5,3462.7999999523163,5168.299999952316,5235.600000023842,7826.299999952316
second_campus_5f,second_campus_2f,warm,300,0,1700,4.5,2315.100000023842,2201.100000023842,3905.600000023842,3968.9000000953674,4516.200000047684
