fromZone,toZone,coldOrWarm,sourcePreparationMs,essentialBytes,optionalBytes,elevatorAnimationMs,extraWaitMs,totalTransitionMs,transitionStart,essentialReady,zoneBuilt,transitionEnd,status
BOOT,first_campus_3f,cold,,24610169,0,0,0,1405,,,,,
first_campus_3f,first_campus_4f,cold,3940,250612,77516,1700,4.700000047683716,4919.200000047684,5516.100000023842,7220.800000071526,7362.100000023842,10435.300000071526,
BOOT,first_campus_3f,warm,,8100,0,0,0,1824,,,,,
first_campus_3f,first_campus_4f,warm,291,300,900,1700,4.899999976158142,2434.899999976158,2183.899999976158,3888.7999999523163,4017.7000000476837,4618.799999952316,
first_campus_4f,first_campus_2f,cold,1705,25304798,56336,1700,1.5,5330.399999976158,2517.3000000715256,4218.800000071526,4441.900000095367,7847.700000047684,
first_campus_4f,first_campus_2f,warm,870,16437936,600,1700,1.399999976158142,3008.899999976158,2756.2000000476837,4457.600000023842,4671.399999976158,5765.100000023842,
first_campus_2f,first_campus_3f,cold,3749,0,0,1700,421.2000000476837,3181.2000000476837,4570.200000047684,6691.400000095367,6829.100000023842,7751.400000095367,
first_campus_2f,first_campus_3f,warm,1217,16437636,0,1700,9.799999952316284,2294.7999999523163,3102.2000000476837,4812,4925.800000071526,5397,
first_campus_3f,first_campus_1f,cold,1004,25054186,27176,1700,375.60000002384186,4278.399999976158,2400.7000000476837,4476.300000071526,4633.700000047684,6679.100000023842,
first_campus_3f,first_campus_1f,warm,266,16437636,300,1700,3.5,2549.7999999523163,2118.600000023842,3822.100000023842,3944.7000000476837,4668.399999976158,
second_campus_5f,second_campus_2f,cold,1478,250612,0,1700,2.299999952316284,4601.799999952316,2283.8000000715256,3986.100000023842,4074.4000000953674,6885.600000023842,
second_campus_5f,second_campus_2f,warm,535,300,0,1700,1.9000000953674316,2333.3000000715256,2503.6999999284744,4205.600000023842,4275.699999928474,4837,
